Player,Points played total,Points played,Touches,Points played with touches,Throws,Catches,Possessions initiated,Assists,Secondary assists,Goals,Turnovers,Thrower errors,Receiver errors,Defensive blocks,Stall outs for,Stall outs against,Average completed throw distance (m),Average completed throw gain (m),Average incomplete throw distance (m),Average incomplete throw gain (m),Average caught pass distance (m),Average caught pass gain (m)
#1 Joyce Wang,10,"1,2,3,4,5,6,9,10,11,12,13",7,5,4,5,2,0,0,2,0,0,0,0,0,1,14.70,10.56,16.41,-3.59,14.59,9.16
#27 Daniel Zhang,9,"1,2,3,5,6,7,8,11,12,13",12,5,11,6,6,1,1,1,2,2,0,2,0,0,14.57,10.84,16.60,11.88,13.46,5.98
#14 Cecilia Wu,9,"1,2,3,4,5,6,9,10,11,13",9,4,9,6,3,1,1,0,2,1,1,0,0,0,13.68,9.94,16.60,12.05,12.01,4.64
#22 Paul Simpson,9,"1,2,3,4,5,6,9,10,11,13",23,7,23,9,14,3,1,0,7,6,1,1,0,0,17.39,12.62,22.65,21.44,10.05,3.60
#69 Justin Chen,8,"1,4,5,6,9,10,11,12,13",11,6,10,7,4,2,1,1,3,3,0,1,0,0,15.17,11.93,17.48,16.46,14.90,11.26
#28 Tina Zhu,5,"2,3,7,8,11,13",1,1,0,1,0,0,0,1,0,0,0,0,0,0,0.00,0.00,0.00,0.00,25.92,25.87
#2 Jamie Chen,4,"1,6,7,8,13",5,3,3,5,0,1,0,2,3,0,3,0,0,0,14.59,6.50,12.92,-1.86,29.53,28.37
#19 Ben Wang,5,"2,3,4,8,9",0,0,0,0,0,0,0,0,0,0,0,1,0,0,0.00,0.00,0.00,0.00,0.00,0.00
#41 Billy Ni,4,"2,3,7,10",1,1,1,1,0,0,0,0,0,0,0,0,0,0,9.92,-1.49,0.00,0.00,15.97,15.97
Oscar Yao,4,"6,7,11,12",2,1,2,1,1,0,0,0,1,0,1,1,0,0,11.07,4.02,0.00,0.00,10.67,10.64
Melody Zheng,4,"1,7,9,10",2,2,1,2,0,0,0,1,2,1,1,0,0,0,0.00,0.00,15.49,15.47,14.77,11.45
#25 Alex Chen,3,"5,9,10",0,0,0,0,0,0,0,0,0,0,0,0,0,0,0.00,0.00,0.00,0.00,0.00,0.00
#66 Jerry Chen,3,"4,7,12",1,1,1,1,0,0,0,0,0,0,0,1,0,0,11.51,-5.82,0.00,0.00,10.49,3.71
Theresa Zhang,3,"5,8,12",0,0,0,0,0,0,0,0,0,0,0,0,0,0,0.00,0.00,0.00,0.00,0.00,0.00
#76 Jack Xia,2,"4,8",1,1,1,1,0,0,1,0,1,0,1,0,0,0,7.57,-1.36,0.00,0.00,14.90,10.64
#0 Julie Luo,2,"8,12",0,0,0,0,0,0,0,0,0,0,0,0,0,0,0.00,0.00,0.00,0.00,0.00,0.00